{"cameraMode":{"drawMode":0,"name":"Shaded","section":"Shading Mode"},"sceneLighting":true,"audioPlay":false,"sceneViewState":{"m_AlwaysRefresh":false,"showFog":true,"showSkybox":true,"showFlares":true,"showImageEffects":true,"showParticleSystems":true,"showVisualEffectGraphs":true,"m_FxEnabled":true},"in2DMode":false,"pivot":{"x":4.041970729827881,"y":3.52705717086792,"z":-1.891238808631897},"rotation":{"x":0.004723863676190376,"y":0.9014226198196411,"z":0.010051906108856202,"w":-0.43305522203445437},"size":3.840867757797241,"orthographic":true}