{"cameraMode":{"drawMode":0,"name":"Shaded","section":"Shading Mode"},"sceneLighting":true,"audioPlay":false,"sceneViewState":{"m_AlwaysRefresh":false,"showFog":true,"showSkybox":true,"showFlares":true,"showImageEffects":true,"showParticleSystems":true,"showVisualEffectGraphs":true,"m_FxEnabled":true},"in2DMode":false,"pivot":{"x":-0.4791707992553711,"y":1.9831111431121827,"z":-0.6337843537330627},"rotation":{"x":0.49132975935935976,"y":-0.5084310173988342,"z":0.4889816641807556,"w":0.510877788066864},"size":6.6591715812683109,"orthographic":true}