{"cameraMode":{"drawMode":0,"name":"Shaded","section":"Shading Mode"},"sceneLighting":true,"audioPlay":false,"sceneViewState":{"m_AlwaysRefresh":false,"showFog":true,"showSkybox":true,"showFlares":true,"showImageEffects":true,"showParticleSystems":true,"showVisualEffectGraphs":true,"m_FxEnabled":true},"in2DMode":false,"pivot":{"x":1.7935521602630616,"y":4.293997287750244,"z":0.15322667360305787},"rotation":{"x":0.06084230914711952,"y":0.02544354274868965,"z":-0.0015780685935169459,"w":0.9978615641593933},"size":3.7894527912139894,"orthographic":true}