{"cameraMode":{"drawMode":0,"name":"Shaded","section":"Shading Mode"},"sceneLighting":true,"audioPlay":false,"sceneViewState":{"m_AlwaysRefresh":false,"showFog":true,"showSkybox":true,"showFlares":true,"showImageEffects":true,"showParticleSystems":true,"showVisualEffectGraphs":true,"m_FxEnabled":true},"in2DMode":false,"pivot":{"x":7.419257164001465,"y":1.736065149307251,"z":1.393035650253296},"rotation":{"x":0.002609723247587681,"y":-0.43927308917045596,"z":0.00011425125558162108,"w":0.8986533880233765},"size":5.059999942779541,"orthographic":true}