{"cameraMode":{"drawMode":0,"name":"Shaded","section":"Shading Mode"},"sceneLighting":true,"audioPlay":false,"sceneViewState":{"m_AlwaysRefresh":false,"showFog":true,"showSkybox":true,"showFlares":true,"showImageEffects":true,"showParticleSystems":true,"showVisualEffectGraphs":true,"m_FxEnabled":true},"in2DMode":false,"pivot":{"x":-3.893359422683716,"y":1.6389901638031006,"z":-0.19355320930480958},"rotation":{"x":0.21577604115009309,"y":0.1941765397787094,"z":-0.043831780552864078,"w":0.9559468626976013},"size":9.32846450805664,"orthographic":true}