{"cameraMode":{"drawMode":0,"name":"Shaded","section":"Shading Mode"},"sceneLighting":true,"audioPlay":false,"sceneViewState":{"m_AlwaysRefresh":false,"showFog":true,"showSkybox":true,"showFlares":true,"showImageEffects":true,"showParticleSystems":true,"showVisualEffectGraphs":true,"m_FxEnabled":true},"in2DMode":false,"pivot":{"x":4.401493072509766,"y":0.4940861165523529,"z":2.176661491394043},"rotation":{"x":0.24555321037769319,"y":0.1326920986175537,"z":-0.033953387290239337,"w":0.9596629738807678},"size":10.737563133239746,"orthographic":true}