{"cameraMode":{"drawMode":0,"name":"Shaded","section":"Shading Mode"},"sceneLighting":true,"audioPlay":false,"sceneViewState":{"m_AlwaysRefresh":false,"showFog":true,"showSkybox":true,"showFlares":true,"showImageEffects":true,"showParticleSystems":true,"showVisualEffectGraphs":true,"m_FxEnabled":true},"in2DMode":false,"pivot":{"x":-1.8504014015197755,"y":-6.3501434326171879,"z":-0.4229121208190918},"rotation":{"x":0.11872498691082001,"y":-0.4207674562931061,"z":0.05550174042582512,"w":0.8979918956756592},"size":1.1931020021438599,"orthographic":true}