{"cameraMode":{"drawMode":0,"name":"Shaded","section":"Shading Mode"},"sceneLighting":true,"audioPlay":false,"sceneViewState":{"m_AlwaysRefresh":false,"showFog":true,"showSkybox":true,"showFlares":true,"showImageEffects":true,"showParticleSystems":true,"showVisualEffectGraphs":true,"m_FxEnabled":true},"in2DMode":false,"pivot":{"x":-1.256155252456665,"y":0.14439742267131806,"z":0.09545338153839112},"rotation":{"x":0.018899857997894288,"y":-0.004663535859435797,"z":0.000040105689549818635,"w":1.000115156173706},"size":2.330103635787964,"orthographic":true}