{"cameraMode":{"drawMode":0,"name":"Shaded","section":"Shading Mode"},"sceneLighting":true,"audioPlay":false,"sceneViewState":{"m_AlwaysRefresh":false,"showFog":true,"showSkybox":true,"showFlares":true,"showImageEffects":true,"showParticleSystems":true,"showVisualEffectGraphs":true,"m_FxEnabled":true},"in2DMode":false,"pivot":{"x":-4.073622226715088,"y":-0.6483319401741028,"z":1.5909169912338257},"rotation":{"x":0.4727665185928345,"y":-0.43437764048576357,"z":0.28919756412506106,"w":0.7100704312324524},"size":6.786196708679199,"orthographic":true}