{"cameraMode":{"drawMode":0,"name":"Shaded","section":"Shading Mode"},"sceneLighting":true,"audioPlay":false,"sceneViewState":{"m_AlwaysRefresh":false,"showFog":true,"showSkybox":true,"showFlares":true,"showImageEffects":true,"showParticleSystems":true,"showVisualEffectGraphs":true,"m_FxEnabled":true},"in2DMode":false,"pivot":{"x":1.7935521602630616,"y":4.293997287750244,"z":0.15322667360305787},"rotation":{"x":0.1055423840880394,"y":-0.6830138564109802,"z":0.10070792585611344,"w":0.7157391905784607},"size":6.417158603668213,"orthographic":true}