{"cameraMode":{"drawMode":0,"name":"Shaded","section":"Shading Mode"},"sceneLighting":true,"audioPlay":false,"sceneViewState":{"m_AlwaysRefresh":false,"showFog":true,"showSkybox":true,"showFlares":true,"showImageEffects":true,"showParticleSystems":true,"showVisualEffectGraphs":true,"m_FxEnabled":true},"in2DMode":false,"pivot":{"x":-3.2754509449005129,"y":1.2032965421676636,"z":1.8500723838806153},"rotation":{"x":-0.16671796143054963,"y":0.6178343892097473,"z":-0.13609401881694795,"w":-0.7563571333885193},"size":8.934544563293457,"orthographic":true}