{"cameraMode":{"drawMode":0,"name":"Shaded","section":"Shading Mode"},"sceneLighting":false,"audioPlay":false,"sceneViewState":{"m_AlwaysRefresh":false,"showFog":true,"showSkybox":false,"showFlares":true,"showImageEffects":true,"showParticleSystems":true,"showVisualEffectGraphs":true,"m_FxEnabled":true},"in2DMode":false,"pivot":{"x":-0.03127765655517578,"y":0.32360538840293887,"z":0.04941141605377197},"rotation":{"x":0.24302394688129426,"y":-0.5305207967758179,"z":0.1620260775089264,"w":0.7957865595817566},"size":3.4570209980010988,"orthographic":true}